Workbook

Sheet Κέρδος
A2: Κέρδος κεραίας gNB
A4: 25 επιτυχείς μετρήσεις. Seed 42, runs 1–5. Μέσος όρος και δειγματική τυπική απόκλιση (SD).
A6: gNB gain (dBi) | B6: n | C6: IP throughput (Mbps) | D6: SD (Mbps) | E6: Goodput (Mbps) | F6: SD (Mbps) | G6: Delay (ms) | H6: SD (ms) | I6: Loss after drain (%) | J6: SD (ποσ. μον.) | K6: Jitter (ms) | L6: SD (ms)
A7: ='Κέρδος δεδομένα'!J2/1 -> 0 | B7: =COUNT('Κέρδος δεδομένα'!Z2:Z6) -> 5 | C7: =AVERAGE('Κέρδος δεδομένα'!AA2:AA6)*1 -> 203.99951 | D7: =STDEV('Κέρδος δεδομένα'!AA2:AA6)*1 -> 0 | E7: =AVERAGE('Κέρδος δεδομένα'!AB2:AB6)*1 -> 199.99952 | F7: =STDEV('Κέρδος δεδομένα'!AB2:AB6)*1 -> 0 | G7: =AVERAGE('Κέρδος δεδομένα'!AC2:AC6)*1 -> 3.644773 | H7: =STDEV('Κέρδος δεδομένα'!AC2:AC6)*1 -> 0.0023606393 | I7: =AVERAGE('Κέρδος δεδομένα'!AE2:AE6)*100 -> 0 | J7: =STDEV('Κέρδος δεδομένα'!AE2:AE6)*100 -> 0 | K7: =AVERAGE('Κέρδος δεδομένα'!AD2:AD6)*1 -> 0.098998706 | L7: =STDEV('Κέρδος δεδομένα'!AD2:AD6)*1 -> 2.3436749e-05
A8: ='Κέρδος δεδομένα'!J7/1 -> 3 | B8: =COUNT('Κέρδος δεδομένα'!Z7:Z11) -> 5 | C8: =AVERAGE('Κέρδος δεδομένα'!AA7:AA11)*1 -> 203.99951 | D8: =STDEV('Κέρδος δεδομένα'!AA7:AA11)*1 -> 0 | E8: =AVERAGE('Κέρδος δεδομένα'!AB7:AB11)*1 -> 199.99952 | F8: =STDEV('Κέρδος δεδομένα'!AB7:AB11)*1 -> 0 | G8: =AVERAGE('Κέρδος δεδομένα'!AC7:AC11)*1 -> 3.6204984 | H8: =STDEV('Κέρδος δεδομένα'!AC7:AC11)*1 -> 0.0044437022 | I8: =AVERAGE('Κέρδος δεδομένα'!AE7:AE11)*100 -> 0 | J8: =STDEV('Κέρδος δεδομένα'!AE7:AE11)*100 -> 0 | K8: =AVERAGE('Κέρδος δεδομένα'!AD7:AD11)*1 -> 0.09982891 | L8: =STDEV('Κέρδος δεδομένα'!AD7:AD11)*1 -> 1.7489341e-05
A9: ='Κέρδος δεδομένα'!J12/1 -> 6 | B9: =COUNT('Κέρδος δεδομένα'!Z12:Z16) -> 5 | C9: =AVERAGE('Κέρδος δεδομένα'!AA12:AA16)*1 -> 203.99951 | D9: =STDEV('Κέρδος δεδομένα'!AA12:AA16)*1 -> 0 | E9: =AVERAGE('Κέρδος δεδομένα'!AB12:AB16)*1 -> 199.99952 | F9: =STDEV('Κέρδος δεδομένα'!AB12:AB16)*1 -> 0 | G9: =AVERAGE('Κέρδος δεδομένα'!AC12:AC16)*1 -> 3.6404771 | H9: =STDEV('Κέρδος δεδομένα'!AC12:AC16)*1 -> 0.0048753085 | I9: =AVERAGE('Κέρδος δεδομένα'!AE12:AE16)*100 -> 0 | J9: =STDEV('Κέρδος δεδομένα'!AE12:AE16)*100 -> 0 | K9: =AVERAGE('Κέρδος δεδομένα'!AD12:AD16)*1 -> 0.10028598 | L9: =STDEV('Κέρδος δεδομένα'!AD12:AD16)*1 -> 4.7368264e-05
A10: ='Κέρδος δεδομένα'!J17/1 -> 9 | B10: =COUNT('Κέρδος δεδομένα'!Z17:Z21) -> 5 | C10: =AVERAGE('Κέρδος δεδομένα'!AA17:AA21)*1 -> 203.99951 | D10: =STDEV('Κέρδος δεδομένα'!AA17:AA21)*1 -> 0 | E10: =AVERAGE('Κέρδος δεδομένα'!AB17:AB21)*1 -> 199.99952 | F10: =STDEV('Κέρδος δεδομένα'!AB17:AB21)*1 -> 0 | G10: =AVERAGE('Κέρδος δεδομένα'!AC17:AC21)*1 -> 3.6404771 | H10: =STDEV('Κέρδος δεδομένα'!AC17:AC21)*1 -> 0.0048753085 | I10: =AVERAGE('Κέρδος δεδομένα'!AE17:AE21)*100 -> 0 | J10: =STDEV('Κέρδος δεδομένα'!AE17:AE21)*100 -> 0 | K10: =AVERAGE('Κέρδος δεδομένα'!AD17:AD21)*1 -> 0.10028598 | L10: =STDEV('Κέρδος δεδομένα'!AD17:AD21)*1 -> 4.7368264e-05
A11: ='Κέρδος δεδομένα'!J22/1 -> 12 | B11: =COUNT('Κέρδος δεδομένα'!Z22:Z26) -> 5 | C11: =AVERAGE('Κέρδος δεδομένα'!AA22:AA26)*1 -> 203.99951 | D11: =STDEV('Κέρδος δεδομένα'!AA22:AA26)*1 -> 0 | E11: =AVERAGE('Κέρδος δεδομένα'!AB22:AB26)*1 -> 199.99952 | F11: =STDEV('Κέρδος δεδομένα'!AB22:AB26)*1 -> 0 | G11: =AVERAGE('Κέρδος δεδομένα'!AC22:AC26)*1 -> 3.6404771 | H11: =STDEV('Κέρδος δεδομένα'!AC22:AC26)*1 -> 0.0048753085 | I11: =AVERAGE('Κέρδος δεδομένα'!AE22:AE26)*100 -> 0 | J11: =STDEV('Κέρδος δεδομένα'!AE22:AE26)*100 -> 0 | K11: =AVERAGE('Κέρδος δεδομένα'!AD22:AD26)*1 -> 0.10028598 | L11: =STDEV('Κέρδος δεδομένα'!AD22:AD26)*1 -> 4.7368264e-05
A13: Γραφήματα: μέσος όρος ±1 SD (όχι διάστημα εμπιστοσύνης). Μηδενική SD: η μπάρα δεν διακρίνεται.
A66: Cosine: orientation 0°, horizontal beamwidth 120°, vertical 360°. Scalar gain UL/DL, χωρίς beamforming.
A67: 1 UE, 1 gNB, UDP uplink, Friis, χωρίς fading/shadowing. Απόσταση 100 m, UE Tx 10 dBm.
A68: Bandwidth 100 MHz, load 200 Mbps, numerology 2, TDD DL|UL|UL|UL|, payload 1400 bytes, RLC UM 1048576 bytes.
A69: Application 1–11 s, drain 2 s. Throughput / goodput = παραληφθέντα bytes ×8 /10 s.
A70: Το IP throughput περιλαμβάνει headers. Το goodput αφορά payload. Delay/jitter: μόνο παραληφθέντα πακέτα.
A71: Απώλειες μετά το drain: ενδέχεται να περιλαμβάνουν πακέτα σε ουρά. Δεν έγινε πρόσθετος έλεγχος μεγαλύτερου drain.
A72: Οι σταθερές ρυθμίσεις ελέγχθηκαν εντός κάθε μελέτης. Οι διαφορετικές μελέτες παραμένουν χωριστές.
A73: Συχνότητα 3.5 GHz.

Sheet Προσανατολισμός
A2: Προσανατολισμός κεραίας gNB
A4: 25 επιτυχείς μετρήσεις. Seed 42, runs 1–5. Μέσος όρος και δειγματική τυπική απόκλιση (SD).
A6: Orientation (degrees) | B6: n | C6: IP throughput (Mbps) | D6: SD (Mbps) | E6: Goodput (Mbps) | F6: SD (Mbps) | G6: Delay (ms) | H6: SD (ms) | I6: Loss after drain (%) | J6: SD (ποσ. μον.) | K6: Jitter (ms) | L6: SD (ms)
A7: ='Προσανατολισμός δεδομένα'!K2/1 -> 0 | B7: =COUNT('Προσανατολισμός δεδομένα'!Z2:Z6) -> 5 | C7: =AVERAGE('Προσανατολισμός δεδομένα'!AA2:AA6)*1 -> 203.99951 | D7: =STDEV('Προσανατολισμός δεδομένα'!AA2:AA6)*1 -> 0 | E7: =AVERAGE('Προσανατολισμός δεδομένα'!AB2:AB6)*1 -> 199.99952 | F7: =STDEV('Προσανατολισμός δεδομένα'!AB2:AB6)*1 -> 0 | G7: =AVERAGE('Προσανατολισμός δεδομένα'!AC2:AC6)*1 -> 3.644773 | H7: =STDEV('Προσανατολισμός δεδομένα'!AC2:AC6)*1 -> 0.0023606393 | I7: =AVERAGE('Προσανατολισμός δεδομένα'!AE2:AE6)*100 -> 0 | J7: =STDEV('Προσανατολισμός δεδομένα'!AE2:AE6)*100 -> 0 | K7: =AVERAGE('Προσανατολισμός δεδομένα'!AD2:AD6)*1 -> 0.098998706 | L7: =STDEV('Προσανατολισμός δεδομένα'!AD2:AD6)*1 -> 2.3436749e-05
A8: ='Προσανατολισμός δεδομένα'!K7/1 -> 30 | B8: =COUNT('Προσανατολισμός δεδομένα'!Z7:Z11) -> 5 | C8: =AVERAGE('Προσανατολισμός δεδομένα'!AA7:AA11)*1 -> 155.68947 | D8: =STDEV('Προσανατολισμός δεδομένα'!AA7:AA11)*1 -> 0.28831673 | E8: =AVERAGE('Προσανατολισμός δεδομένα'!AB7:AB11)*1 -> 152.63674 | F8: =STDEV('Προσανατολισμός δεδομένα'!AB7:AB11)*1 -> 0.28266346 | G8: =AVERAGE('Προσανατολισμός δεδομένα'!AC7:AC11)*1 -> 196.04695 | H8: =STDEV('Προσανατολισμός δεδομένα'!AC7:AC11)*1 -> 0.26963141 | I8: =AVERAGE('Προσανατολισμός δεδομένα'!AE7:AE11)*100 -> 23.681449 | J8: =STDEV('Προσανατολισμός δεδομένα'!AE7:AE11)*100 -> 0.14133209 | K8: =AVERAGE('Προσανατολισμός δεδομένα'!AD7:AD11)*1 -> 0.14494466 | L8: =STDEV('Προσανατολισμός δεδομένα'!AD7:AD11)*1 -> 0.00027384046
A9: ='Προσανατολισμός δεδομένα'!K12/1 -> 60 | B9: =COUNT('Προσανατολισμός δεδομένα'!Z12:Z16) -> 5 | C9: =AVERAGE('Προσανατολισμός δεδομένα'!AA12:AA16)*1 -> 185.28243 | D9: =STDEV('Προσανατολισμός δεδομένα'!AA12:AA16)*1 -> 0 | E9: =AVERAGE('Προσανατολισμός δεδομένα'!AB12:AB16)*1 -> 181.64944 | F9: =STDEV('Προσανατολισμός δεδομένα'!AB12:AB16)*1 -> 0 | G9: =AVERAGE('Προσανατολισμός δεδομένα'!AC12:AC16)*1 -> 46.425208 | H9: =STDEV('Προσανατολισμός δεδομένα'!AC12:AC16)*1 -> 0.0038312897 | I9: =AVERAGE('Προσανατολισμός δεδομένα'!AE12:AE16)*100 -> 9.175062 | J9: =STDEV('Προσανατολισμός δεδομένα'!AE12:AE16)*100 -> 0 | K9: =AVERAGE('Προσανατολισμός δεδομένα'!AD12:AD16)*1 -> 0.10885769 | L9: =STDEV('Προσανατολισμός δεδομένα'!AD12:AD16)*1 -> 2.1457936e-05
A10: ='Προσανατολισμός δεδομένα'!K17/1 -> 90 | B10: =COUNT('Προσανατολισμός δεδομένα'!Z17:Z21) -> 5 | C10: =AVERAGE('Προσανατολισμός δεδομένα'!AA17:AA21)*1 -> 134.11776 | D10: =STDEV('Προσανατολισμός δεδομένα'!AA17:AA21)*1 -> 0.0645835 | E10: =AVERAGE('Προσανατολισμός δεδομένα'!AB17:AB21)*1 -> 131.488 | F10: =STDEV('Προσανατολισμός δεδομένα'!AB17:AB21)*1 -> 0.063317157 | G10: =AVERAGE('Προσανατολισμός δεδομένα'!AC17:AC21)*1 -> 64.799466 | H10: =STDEV('Προσανατολισμός δεδομένα'!AC17:AC21)*1 -> 0.57366513 | I10: =AVERAGE('Προσανατολισμός δεδομένα'!AE17:AE21)*100 -> 34.255842 | J10: =STDEV('Προσανατολισμός δεδομένα'!AE17:AE21)*100 -> 0.031658622 | K10: =AVERAGE('Προσανατολισμός δεδομένα'!AD17:AD21)*1 -> 0.12367067 | L10: =STDEV('Προσανατολισμός δεδομένα'!AD17:AD21)*1 -> 0.00077247859
A11: ='Προσανατολισμός δεδομένα'!K22/1 -> 120 | B11: =COUNT('Προσανατολισμός δεδομένα'!Z22:Z26) -> 5 | C11: =AVERAGE('Προσανατολισμός δεδομένα'!AA22:AA26)*1 -> 49.890893 | D11: =STDEV('Προσανατολισμός δεδομένα'!AA22:AA26)*1 -> 0 | E11: =AVERAGE('Προσανατολισμός δεδομένα'!AB22:AB26)*1 -> 48.91264 | F11: =STDEV('Προσανατολισμός δεδομένα'!AB22:AB26)*1 -> 0 | G11: =AVERAGE('Προσανατολισμός δεδομένα'!AC22:AC26)*1 -> 171.13845 | H11: =STDEV('Προσανατολισμός δεδομένα'!AC22:AC26)*1 -> 0.00227966 | I11: =AVERAGE('Προσανατολισμός δεδομένα'!AE22:AE26)*100 -> 75.543621 | J11: =STDEV('Προσανατολισμός δεδομένα'!AE22:AE26)*100 -> 0 | K11: =AVERAGE('Προσανατολισμός δεδομένα'!AD22:AD26)*1 -> 0.34316135 | L11: =STDEV('Προσανατολισμός δεδομένα'!AD22:AD26)*1 -> 0.00069381329
A13: Γραφήματα: μέσος όρος ±1 SD (όχι διάστημα εμπιστοσύνης). Μηδενική SD: η μπάρα δεν διακρίνεται.
A66: Cosine: max gain 0 dBi, horizontal beamwidth 120°, vertical 360°. Η αιτία της μη μονοτονικής απόδοσης εκκρεμεί.
A67: 1 UE, 1 gNB, UDP uplink, Friis, χωρίς fading/shadowing. Απόσταση 100 m, UE Tx 10 dBm.
A68: Bandwidth 100 MHz, load 200 Mbps, numerology 2, TDD DL|UL|UL|UL|, payload 1400 bytes, RLC UM 1048576 bytes.
A69: Application 1–11 s, drain 2 s. Throughput / goodput = παραληφθέντα bytes ×8 /10 s.
A70: Το IP throughput περιλαμβάνει headers. Το goodput αφορά payload. Delay/jitter: μόνο παραληφθέντα πακέτα.
A71: Απώλειες μετά το drain: ενδέχεται να περιλαμβάνουν πακέτα σε ουρά. Δεν έγινε πρόσθετος έλεγχος μεγαλύτερου drain.
A72: Οι σταθερές ρυθμίσεις ελέγχθηκαν εντός κάθε μελέτης. Οι διαφορετικές μελέτες παραμένουν χωριστές.
A73: Συχνότητα 3.5 GHz.
A74: Η μελέτη beamwidth δεν έχει ακόμη εκτελεστεί.

Sheet Κέρδος δεδομένα
A1: status | B1: experiment_index | C1: experiment_id | D1: n8n_execution_id | E1: data_source | F1: config_path | G1: results_path | H1: experiment_dir | I1: gnb_antenna_model | J1: gnb_antenna_max_gain_dbi | K1: gnb_antenna_orientation_deg | L1: gnb_antenna_horizontal_beamwidth_deg | M1: gnb_antenna_vertical_beamwidth_deg | N1: gnb_antenna_effective_gain_toward_ue_db | O1: carrier_frequency_hz | P1: ue_distance_2d_m | Q1: ue_distance_3d_m | R1: ue_tx_power_dbm | S1: offered_load_mbps | T1: bandwidth_hz | U1: numerology | V1: tdd_pattern | W1: packet_size_bytes | X1: rlc_buffer_size_bytes | Y1: rng_seed | Z1: rng_run | AA1: throughput_mbps | AB1: app_goodput_mbps | AC1: end_to_end_delay_ms | AD1: jitter_ms | AE1: loss_fraction | AF1: tx_packets | AG1: rx_packets | AH1: ip_rx_bytes | AI1: unreceived_packets_after_drain | AJ1: source_csv
A2: success | B2: 1 | C2: gnb_gain_0dbi_run_1 | D2: 146 | E2: ns3 | F2: experiments/execution_146/experiment_1/config.json | G2: experiments/execution_146/experiment_1/results.json | H2: /home/dinos/ns-allinone-3.47/ns-3.47/experiments/execution_146/experiment_1 | I2: Cosine | J2: 0 | K2: 0 | L2: 120 | M2: 360 | N2: 0 | O2: 3500000000 | P2: 100 | Q2: 100.3606 | R2: 10 | S2: 200 | T2: 100000000 | U2: 2 | V2: DL|UL|UL|UL| | W2: 1400 | X2: 1048576 | Y2: 42 | Z2: 1 | AA2: 203.99951 | AB2: 199.99952 | AC2: 3.6406618 | AD2: 0.099003695 | AE2: 0 | AF2: 178571 | AG2: 178571 | AH2: 254999388 | AI2: 0 | AJ2: experiments/execution_146/batch_dataset.csv
A3: success | B3: 1 | C3: gnb_gain_0dbi_run_2 | D3: 147 | E3: ns3 | F3: experiments/execution_147/experiment_1/config.json | G3: experiments/execution_147/experiment_1/results.json | H3: /home/dinos/ns-allinone-3.47/ns-3.47/experiments/execution_147/experiment_1 | I3: Cosine | J3: 0 | K3: 0 | L3: 120 | M3: 360 | N3: 0 | O3: 3500000000 | P3: 100 | Q3: 100.3606 | R3: 10 | S3: 200 | T3: 100000000 | U3: 2 | V3: DL|UL|UL|UL| | W3: 1400 | X3: 1048576 | Y3: 42 | Z3: 2 | AA3: 203.99951 | AB3: 199.99952 | AC3: 3.6465551 | AD3: 0.099026085 | AE3: 0 | AF3: 178571 | AG3: 178571 | AH3: 254999388 | AI3: 0 | AJ3: experiments/execution_147/batch_dataset.csv
A4: success | B4: 1 | C4: gnb_gain_0dbi_run_3 | D4: 148 | E4: ns3 | F4: experiments/execution_148/experiment_1/config.json | G4: experiments/execution_148/experiment_1/results.json | H4: /home/dinos/ns-allinone-3.47/ns-3.47/experiments/execution_148/experiment_1 | I4: Cosine | J4: 0 | K4: 0 | L4: 120 | M4: 360 | N4: 0 | O4: 3500000000 | P4: 100 | Q4: 100.3606 | R4: 10 | S4: 200 | T4: 100000000 | U4: 2 | V4: DL|UL|UL|UL| | W4: 1400 | X4: 1048576 | Y4: 42 | Z4: 3 | AA4: 203.99951 | AB4: 199.99952 | AC4: 3.645781 | AD4: 0.099012832 | AE4: 0 | AF4: 178571 | AG4: 178571 | AH4: 254999388 | AI4: 0 | AJ4: experiments/execution_148/batch_dataset.csv
A5: success | B5: 1 | C5: gnb_gain_0dbi_run_4 | D5: 149 | E5: ns3 | F5: experiments/execution_149/experiment_1/config.json | G5: experiments/execution_149/experiment_1/results.json | H5: /home/dinos/ns-allinone-3.47/ns-3.47/experiments/execution_149/experiment_1 | I5: Cosine | J5: 0 | K5: 0 | L5: 120 | M5: 360 | N5: 0 | O5: 3500000000 | P5: 100 | Q5: 100.3606 | R5: 10 | S5: 200 | T5: 100000000 | U5: 2 | V5: DL|UL|UL|UL| | W5: 1400 | X5: 1048576 | Y5: 42 | Z5: 4 | AA5: 203.99951 | AB5: 199.99952 | AC5: 3.6458361 | AD5: 0.098983894 | AE5: 0 | AF5: 178571 | AG5: 178571 | AH5: 254999388 | AI5: 0 | AJ5: experiments/execution_149/batch_dataset.csv
A6: success | B6: 1 | C6: gnb_gain_0dbi_run_5 | D6: 150 | E6: ns3 | F6: experiments/execution_150/experiment_1/config.json | G6: experiments/execution_150/experiment_1/results.json | H6: /home/dinos/ns-allinone-3.47/ns-3.47/experiments/execution_150/experiment_1 | I6: Cosine | J6: 0 | K6: 0 | L6: 120 | M6: 360 | N6: 0 | O6: 3500000000 | P6: 100 | Q6: 100.3606 | R6: 10 | S6: 200 | T6: 100000000 | U6: 2 | V6: DL|UL|UL|UL| | W6: 1400 | X6: 1048576 | Y6: 42 | Z6: 5 | AA6: 203.99951 | AB6: 199.99952 | AC6: 3.6450312 | AD6: 0.098967025 | AE6: 0 | AF6: 178571 | AG6: 178571 | AH6: 254999388 | AI6: 0 | AJ6: experiments/execution_150/batch_dataset.csv
A7: success | B7: 2 | C7: gnb_gain_3dbi_run_1 | D7: 146 | E7: ns3 | F7: experiments/execution_146/experiment_2/config.json | G7: experiments/execution_146/experiment_2/results.json | H7: /home/dinos/ns-allinone-3.47/ns-3.47/experiments/execution_146/experiment_2 | I7: Cosine | J7: 3 | K7: 0 | L7: 120 | M7: 360 | N7: 3 | O7: 3500000000 | P7: 100 | Q7: 100.3606 | R7: 10 | S7: 200 | T7: 100000000 | U7: 2 | V7: DL|UL|UL|UL| | W7: 1400 | X7: 1048576 | Y7: 42 | Z7: 1 | AA7: 203.99951 | AB7: 199.99952 | AC7: 3.6219663 | AD7: 0.099810291 | AE7: 0 | AF7: 178571 | AG7: 178571 | AH7: 254999388 | AI7: 0 | AJ7: experiments/execution_146/batch_dataset.csv
A8: success | B8: 2 | C8: gnb_gain_3dbi_run_2 | D8: 147 | E8: ns3 | F8: experiments/execution_147/experiment_2/config.json | G8: experiments/execution_147/experiment_2/results.json | H8: /home/dinos/ns-allinone-3.47/ns-3.47/experiments/execution_147/experiment_2 | I8: Cosine | J8: 3 | K8: 0 | L8: 120 | M8: 360 | N8: 3 | O8: 3500000000 | P8: 100 | Q8: 100.3606 | R8: 10 | S8: 200 | T8: 100000000 | U8: 2 | V8: DL|UL|UL|UL| | W8: 1400 | X8: 1048576 | Y8: 42 | Z8: 2 | AA8: 203.99951 | AB8: 199.99952 | AC8: 3.6212875 | AD8: 0.099811996 | AE8: 0 | AF8: 178571 | AG8: 178571 | AH8: 254999388 | AI8: 0 | AJ8: experiments/execution_147/batch_dataset.csv
A9: success | B9: 2 | C9: gnb_gain_3dbi_run_3 | D9: 148 | E9: ns3 | F9: experiments/execution_148/experiment_2/config.json | G9: experiments/execution_148/experiment_2/results.json | H9: /home/dinos/ns-allinone-3.47/ns-3.47/experiments/execution_148/experiment_2 | I9: Cosine | J9: 3 | K9: 0 | L9: 120 | M9: 360 | N9: 3 | O9: 3500000000 | P9: 100 | Q9: 100.3606 | R9: 10 | S9: 200 | T9: 100000000 | U9: 2 | V9: DL|UL|UL|UL| | W9: 1400 | X9: 1048576 | Y9: 42 | Z9: 3 | AA9: 203.99951 | AB9: 199.99952 | AC9: 3.6200966 | AD9: 0.099831115 | AE9: 0 | AF9: 178571 | AG9: 178571 | AH9: 254999388 | AI9: 0 | AJ9: experiments/execution_148/batch_dataset.csv
A10: success | B10: 2 | C10: gnb_gain_3dbi_run_4 | D10: 149 | E10: ns3 | F10: experiments/execution_149/experiment_2/config.json | G10: experiments/execution_149/experiment_2/results.json | H10: /home/dinos/ns-allinone-3.47/ns-3.47/experiments/execution_149/experiment_2 | I10: Cosine | J10: 3 | K10: 0 | L10: 120 | M10: 360 | N10: 3 | O10: 3500000000 | P10: 100 | Q10: 100.3606 | R10: 10 | S10: 200 | T10: 100000000 | U10: 2 | V10: DL|UL|UL|UL| | W10: 1400 | X10: 1048576 | Y10: 42 | Z10: 4 | AA10: 203.99951 | AB10: 199.99952 | AC10: 3.6134747 | AD10: 0.099849477 | AE10: 0 | AF10: 178571 | AG10: 178571 | AH10: 254999388 | AI10: 0 | AJ10: experiments/execution_149/batch_dataset.csv
A11: success | B11: 2 | C11: gnb_gain_3dbi_run_5 | D11: 150 | E11: ns3 | F11: experiments/execution_150/experiment_2/config.json | G11: experiments/execution_150/experiment_2/results.json | H11: /home/dinos/ns-allinone-3.47/ns-3.47/experiments/execution_150/experiment_2 | I11: Cosine | J11: 3 | K11: 0 | L11: 120 | M11: 360 | N11: 3 | O11: 3500000000 | P11: 100 | Q11: 100.3606 | R11: 10 | S11: 200 | T11: 100000000 | U11: 2 | V11: DL|UL|UL|UL| | W11: 1400 | X11: 1048576 | Y11: 42 | Z11: 5 | AA11: 203.99951 | AB11: 199.99952 | AC11: 3.625667 | AD11: 0.099841673 | AE11: 0 | AF11: 178571 | AG11: 178571 | AH11: 254999388 | AI11: 0 | AJ11: experiments/execution_150/batch_dataset.csv
A12: success | B12: 3 | C12: gnb_gain_6dbi_run_1 | D12: 146 | E12: ns3 | F12: experiments/execution_146/experiment_3/config.json | G12: experiments/execution_146/experiment_3/results.json | H12: /home/dinos/ns-allinone-3.47/ns-3.47/experiments/execution_146/experiment_3 | I12: Cosine | J12: 6 | K12: 0 | L12: 120 | M12: 360 | N12: 6 | O12: 3500000000 | P12: 100 | Q12: 100.3606 | R12: 10 | S12: 200 | T12: 100000000 | U12: 2 | V12: DL|UL|UL|UL| | W12: 1400 | X12: 1048576 | Y12: 42 | Z12: 1 | AA12: 203.99951 | AB12: 199.99952 | AC12: 3.63421 | AD12: 0.1002345 | AE12: 0 | AF12: 178571 | AG12: 178571 | AH12: 254999388 | AI12: 0 | AJ12: experiments/execution_146/batch_dataset.csv
A13: success | B13: 3 | C13: gnb_gain_6dbi_run_2 | D13: 147 | E13: ns3 | F13: experiments/execution_147/experiment_3/config.json | G13: experiments/execution_147/experiment_3/results.json | H13: /home/dinos/ns-allinone-3.47/ns-3.47/experiments/execution_147/experiment_3 | I13: Cosine | J13: 6 | K13: 0 | L13: 120 | M13: 360 | N13: 6 | O13: 3500000000 | P13: 100 | Q13: 100.3606 | R13: 10 | S13: 200 | T13: 100000000 | U13: 2 | V13: DL|UL|UL|UL| | W13: 1400 | X13: 1048576 | Y13: 42 | Z13: 2 | AA13: 203.99951 | AB13: 199.99952 | AC13: 3.6404068 | AD13: 0.10034682 | AE13: 0 | AF13: 178571 | AG13: 178571 | AH13: 254999388 | AI13: 0 | AJ13: experiments/execution_147/batch_dataset.csv
... A26: success | B26: 5 | C26: gnb_gain_12dbi_run_5 | D26: 150 | E26: ns3 | F26: experiments/execution_150/experiment_5/config.json | G26: experiments/execution_150/experiment_5/results.json | H26: /home/dinos/ns-allinone-3.47/ns-3.47/experiments/execution_150/experiment_5 | I26: Cosine | J26: 12 | K26: 0 | L26: 120 | M26: 360 | N26: 12 | O26: 3500000000 | P26: 100 | Q26: 100.3606 | R26: 10 | S26: 200 | T26: 100000000 | U26: 2 | V26: DL|UL|UL|UL| | W26: 1400 | X26: 1048576 | Y26: 42 | Z26: 5 | AA26: 203.99951 | AB26: 199.99952 | AC26: 3.6410489 | AD26: 0.10024258 | AE26: 0 | AF26: 178571 | AG26: 178571 | AH26: 254999388 | AI26: 0 | AJ26: experiments/execution_150/batch_dataset.csv

Sheet Προσανατολισμός δεδομένα
A1: status | B1: experiment_index | C1: experiment_id | D1: n8n_execution_id | E1: data_source | F1: config_path | G1: results_path | H1: experiment_dir | I1: gnb_antenna_model | J1: gnb_antenna_max_gain_dbi | K1: gnb_antenna_orientation_deg | L1: gnb_antenna_horizontal_beamwidth_deg | M1: gnb_antenna_vertical_beamwidth_deg | N1: gnb_antenna_effective_gain_toward_ue_db | O1: carrier_frequency_hz | P1: ue_distance_2d_m | Q1: ue_distance_3d_m | R1: ue_tx_power_dbm | S1: offered_load_mbps | T1: bandwidth_hz | U1: numerology | V1: tdd_pattern | W1: packet_size_bytes | X1: rlc_buffer_size_bytes | Y1: rng_seed | Z1: rng_run | AA1: throughput_mbps | AB1: app_goodput_mbps | AC1: end_to_end_delay_ms | AD1: jitter_ms | AE1: loss_fraction | AF1: tx_packets | AG1: rx_packets | AH1: ip_rx_bytes | AI1: unreceived_packets_after_drain | AJ1: source_csv
A2: success | B2: 1 | C2: gnb_orientation_0deg_run_1 | D2: 162 | E2: ns3 | F2: experiments/execution_162/experiment_1/config.json | G2: experiments/execution_162/experiment_1/results.json | H2: /home/dinos/ns-allinone-3.47/ns-3.47/experiments/execution_162/experiment_1 | I2: Cosine | J2: 0 | K2: 0 | L2: 120 | M2: 360 | N2: 0 | O2: 3500000000 | P2: 100 | Q2: 100.3606 | R2: 10 | S2: 200 | T2: 100000000 | U2: 2 | V2: DL|UL|UL|UL| | W2: 1400 | X2: 1048576 | Y2: 42 | Z2: 1 | AA2: 203.99951 | AB2: 199.99952 | AC2: 3.6406618 | AD2: 0.099003695 | AE2: 0 | AF2: 178571 | AG2: 178571 | AH2: 254999388 | AI2: 0 | AJ2: experiments/execution_162/batch_dataset.csv
A3: success | B3: 1 | C3: gnb_orientation_0deg_run_2 | D3: 163 | E3: ns3 | F3: experiments/execution_163/experiment_1/config.json | G3: experiments/execution_163/experiment_1/results.json | H3: /home/dinos/ns-allinone-3.47/ns-3.47/experiments/execution_163/experiment_1 | I3: Cosine | J3: 0 | K3: 0 | L3: 120 | M3: 360 | N3: 0 | O3: 3500000000 | P3: 100 | Q3: 100.3606 | R3: 10 | S3: 200 | T3: 100000000 | U3: 2 | V3: DL|UL|UL|UL| | W3: 1400 | X3: 1048576 | Y3: 42 | Z3: 2 | AA3: 203.99951 | AB3: 199.99952 | AC3: 3.6465551 | AD3: 0.099026085 | AE3: 0 | AF3: 178571 | AG3: 178571 | AH3: 254999388 | AI3: 0 | AJ3: experiments/execution_163/batch_dataset.csv
A4: success | B4: 1 | C4: gnb_orientation_0deg_run_3 | D4: 164 | E4: ns3 | F4: experiments/execution_164/experiment_1/config.json | G4: experiments/execution_164/experiment_1/results.json | H4: /home/dinos/ns-allinone-3.47/ns-3.47/experiments/execution_164/experiment_1 | I4: Cosine | J4: 0 | K4: 0 | L4: 120 | M4: 360 | N4: 0 | O4: 3500000000 | P4: 100 | Q4: 100.3606 | R4: 10 | S4: 200 | T4: 100000000 | U4: 2 | V4: DL|UL|UL|UL| | W4: 1400 | X4: 1048576 | Y4: 42 | Z4: 3 | AA4: 203.99951 | AB4: 199.99952 | AC4: 3.645781 | AD4: 0.099012832 | AE4: 0 | AF4: 178571 | AG4: 178571 | AH4: 254999388 | AI4: 0 | AJ4: experiments/execution_164/batch_dataset.csv
A5: success | B5: 1 | C5: gnb_orientation_0deg_run_4 | D5: 165 | E5: ns3 | F5: experiments/execution_165/experiment_1/config.json | G5: experiments/execution_165/experiment_1/results.json | H5: /home/dinos/ns-allinone-3.47/ns-3.47/experiments/execution_165/experiment_1 | I5: Cosine | J5: 0 | K5: 0 | L5: 120 | M5: 360 | N5: 0 | O5: 3500000000 | P5: 100 | Q5: 100.3606 | R5: 10 | S5: 200 | T5: 100000000 | U5: 2 | V5: DL|UL|UL|UL| | W5: 1400 | X5: 1048576 | Y5: 42 | Z5: 4 | AA5: 203.99951 | AB5: 199.99952 | AC5: 3.6458361 | AD5: 0.098983894 | AE5: 0 | AF5: 178571 | AG5: 178571 | AH5: 254999388 | AI5: 0 | AJ5: experiments/execution_165/batch_dataset.csv
A6: success | B6: 1 | C6: gnb_orientation_0deg_run_5 | D6: 166 | E6: ns3 | F6: experiments/execution_166/experiment_1/config.json | G6: experiments/execution_166/experiment_1/results.json | H6: /home/dinos/ns-allinone-3.47/ns-3.47/experiments/execution_166/experiment_1 | I6: Cosine | J6: 0 | K6: 0 | L6: 120 | M6: 360 | N6: 0 | O6: 3500000000 | P6: 100 | Q6: 100.3606 | R6: 10 | S6: 200 | T6: 100000000 | U6: 2 | V6: DL|UL|UL|UL| | W6: 1400 | X6: 1048576 | Y6: 42 | Z6: 5 | AA6: 203.99951 | AB6: 199.99952 | AC6: 3.6450312 | AD6: 0.098967025 | AE6: 0 | AF6: 178571 | AG6: 178571 | AH6: 254999388 | AI6: 0 | AJ6: experiments/execution_166/batch_dataset.csv
A7: success | B7: 2 | C7: gnb_orientation_30deg_run_1 | D7: 162 | E7: ns3 | F7: experiments/execution_162/experiment_2/config.json | G7: experiments/execution_162/experiment_2/results.json | H7: /home/dinos/ns-allinone-3.47/ns-3.47/experiments/execution_162/experiment_2 | I7: Cosine | J7: 0 | K7: 30 | L7: 120 | M7: 360 | N7: -0.72305302 | O7: 3500000000 | P7: 100 | Q7: 100.3606 | R7: 10 | S7: 200 | T7: 100000000 | U7: 2 | V7: DL|UL|UL|UL| | W7: 1400 | X7: 1048576 | Y7: 42 | Z7: 1 | AA7: 155.58803 | AB7: 152.53728 | AC7: 195.98821 | AD7: 0.14506808 | AE7: 0.23731177 | AF7: 178571 | AG7: 136194 | AH7: 194485032 | AI7: 42377 | AJ7: experiments/execution_162/batch_dataset.csv
A8: success | B8: 2 | C8: gnb_orientation_30deg_run_2 | D8: 163 | E8: ns3 | F8: experiments/execution_163/experiment_2/config.json | G8: experiments/execution_163/experiment_2/results.json | H8: /home/dinos/ns-allinone-3.47/ns-3.47/experiments/execution_163/experiment_2 | I8: Cosine | J8: 0 | K8: 30 | L8: 120 | M8: 360 | N8: -0.72305302 | O8: 3500000000 | P8: 100 | Q8: 100.3606 | R8: 10 | S8: 200 | T8: 100000000 | U8: 2 | V8: DL|UL|UL|UL| | W8: 1400 | X8: 1048576 | Y8: 42 | Z8: 2 | AA8: 155.33099 | AB8: 152.28528 | AC8: 195.64481 | AD8: 0.14529339 | AE8: 0.23857177 | AF8: 178571 | AG8: 135969 | AH8: 194163732 | AI8: 42602 | AJ8: experiments/execution_163/batch_dataset.csv
A9: success | B9: 2 | C9: gnb_orientation_30deg_run_3 | D9: 164 | E9: ns3 | F9: experiments/execution_164/experiment_2/config.json | G9: experiments/execution_164/experiment_2/results.json | H9: /home/dinos/ns-allinone-3.47/ns-3.47/experiments/execution_164/experiment_2 | I9: Cosine | J9: 0 | K9: 30 | L9: 120 | M9: 360 | N9: -0.72305302 | O9: 3500000000 | P9: 100 | Q9: 100.3606 | R9: 10 | S9: 200 | T9: 100000000 | U9: 2 | V9: DL|UL|UL|UL| | W9: 1400 | X9: 1048576 | Y9: 42 | Z9: 3 | AA9: 155.85649 | AB9: 152.80048 | AC9: 196.04308 | AD9: 0.14478814 | AE9: 0.23599577 | AF9: 178571 | AG9: 136429 | AH9: 194820612 | AI9: 42142 | AJ9: experiments/execution_164/batch_dataset.csv
A10: success | B10: 2 | C10: gnb_orientation_30deg_run_4 | D10: 165 | E10: ns3 | F10: experiments/execution_165/experiment_2/config.json | G10: experiments/execution_165/experiment_2/results.json | H10: /home/dinos/ns-allinone-3.47/ns-3.47/experiments/execution_165/experiment_2 | I10: Cosine | J10: 0 | K10: 30 | L10: 120 | M10: 360 | N10: -0.72305302 | O10: 3500000000 | P10: 100 | Q10: 100.3606 | R10: 10 | S10: 200 | T10: 100000000 | U10: 2 | V10: DL|UL|UL|UL| | W10: 1400 | X10: 1048576 | Y10: 42 | Z10: 4 | AA10: 156.08383 | AB10: 153.02336 | AC10: 196.37318 | AD10: 0.14457613 | AE10: 0.23488136 | AF10: 178571 | AG10: 136628 | AH10: 195104784 | AI10: 41943 | AJ10: experiments/execution_165/batch_dataset.csv
A11: success | B11: 2 | C11: gnb_orientation_30deg_run_5 | D11: 166 | E11: ns3 | F11: experiments/execution_166/experiment_2/config.json | G11: experiments/execution_166/experiment_2/results.json | H11: /home/dinos/ns-allinone-3.47/ns-3.47/experiments/execution_166/experiment_2 | I11: Cosine | J11: 0 | K11: 30 | L11: 120 | M11: 360 | N11: -0.72305302 | O11: 3500000000 | P11: 100 | Q11: 100.3606 | R11: 10 | S11: 200 | T11: 100000000 | U11: 2 | V11: DL|UL|UL|UL| | W11: 1400 | X11: 1048576 | Y11: 42 | Z11: 5 | AA11: 155.58803 | AB11: 152.53728 | AC11: 196.18549 | AD11: 0.14499756 | AE11: 0.23731177 | AF11: 178571 | AG11: 136194 | AH11: 194485032 | AI11: 42377 | AJ11: experiments/execution_166/batch_dataset.csv
A12: success | B12: 3 | C12: gnb_orientation_60deg_run_1 | D12: 162 | E12: ns3 | F12: experiments/execution_162/experiment_3/config.json | G12: experiments/execution_162/experiment_3/results.json | H12: /home/dinos/ns-allinone-3.47/ns-3.47/experiments/execution_162/experiment_3 | I12: Cosine | J12: 0 | K12: 60 | L12: 120 | M12: 360 | N12: -3 | O12: 3500000000 | P12: 100 | Q12: 100.3606 | R12: 10 | S12: 200 | T12: 100000000 | U12: 2 | V12: DL|UL|UL|UL| | W12: 1400 | X12: 1048576 | Y12: 42 | Z12: 1 | AA12: 185.28243 | AB12: 181.64944 | AC12: 46.423646 | AD12: 0.10883511 | AE12: 0.09175062 | AF12: 178571 | AG12: 162187 | AH12: 231603036 | AI12: 16384 | AJ12: experiments/execution_162/batch_dataset.csv
A13: success | B13: 3 | C13: gnb_orientation_60deg_run_2 | D13: 163 | E13: ns3 | F13: experiments/execution_163/experiment_3/config.json | G13: experiments/execution_163/experiment_3/results.json | H13: /home/dinos/ns-allinone-3.47/ns-3.47/experiments/execution_163/experiment_3 | I13: Cosine | J13: 0 | K13: 60 | L13: 120 | M13: 360 | N13: -3 | O13: 3500000000 | P13: 100 | Q13: 100.3606 | R13: 10 | S13: 200 | T13: 100000000 | U13: 2 | V13: DL|UL|UL|UL| | W13: 1400 | X13: 1048576 | Y13: 42 | Z13: 2 | AA13: 185.28243 | AB13: 181.64944 | AC13: 46.427816 | AD13: 0.10884044 | AE13: 0.09175062 | AF13: 178571 | AG13: 162187 | AH13: 231603036 | AI13: 16384 | AJ13: experiments/execution_163/batch_dataset.csv
... A26: success | B26: 5 | C26: gnb_orientation_120deg_run_5 | D26: 166 | E26: ns3 | F26: experiments/execution_166/experiment_5/config.json | G26: experiments/execution_166/experiment_5/results.json | H26: /home/dinos/ns-allinone-3.47/ns-3.47/experiments/execution_166/experiment_5 | I26: Cosine | J26: 0 | K26: 120 | L26: 120 | M26: 360 | N26: -14.456525 | O26: 3500000000 | P26: 100 | Q26: 100.3606 | R26: 10 | S26: 200 | T26: 100000000 | U26: 2 | V26: DL|UL|UL|UL| | W26: 1400 | X26: 1048576 | Y26: 42 | Z26: 5 | AA26: 49.890893 | AB26: 48.91264 | AC26: 171.13703 | AD26: 0.34277308 | AE26: 0.75543621 | AF26: 178571 | AG26: 43672 | AH26: 62363616 | AI26: 134899 | AJ26: experiments/execution_166/batch_dataset.csv
