Workbook

Sheet Σύνοψη
A2: Packet interval
A4: 25 επιτυχείς μετρήσεις. Seed 42, runs 1–5. Μέσος όρος και δειγματική τυπική απόκλιση (SD).
A6: Packet interval (μs) | B6: n | C6: IP throughput (Mbps) | D6: SD (Mbps) | E6: Goodput (Mbps) | F6: SD (Mbps) | G6: Delay (ms) | H6: SD (ms) | I6: Loss after drain (%) | J6: SD (ποσ. μον.) | K6: Jitter (ms) | L6: SD (ms) | N6: Interval (μs) | O6: Offered load (Mbps)
A7: ='Σύνοψη δεδομένα'!J2/1 -> 28 | B7: =COUNT('Σύνοψη δεδομένα'!AH2:AH6) -> 5 | C7: =AVERAGE('Σύνοψη δεδομένα'!AI2:AI6)*1 -> 235.68512 | D7: =STDEV('Σύνοψη δεδομένα'!AI2:AI6)*1 -> 0 | E7: =AVERAGE('Σύνοψη δεδομένα'!AJ2:AJ6)*1 -> 231.06384 | F7: =STDEV('Σύνοψη δεδομένα'!AJ2:AJ6)*1 -> 3.1776437e-14 | G7: =AVERAGE('Σύνοψη δεδομένα'!AK2:AK6)*1 -> 37.623979 | H7: =STDEV('Σύνοψη δεδομένα'!AK2:AK6)*1 -> 0.0030749914 | I7: =AVERAGE('Σύνοψη δεδομένα'!AM2:AM6)*100 -> 42.233901 | J7: =STDEV('Σύνοψη δεδομένα'!AM2:AM6)*100 -> 0 | K7: =AVERAGE('Σύνοψη δεδομένα'!AL2:AL6)*1 -> 0.089981965 | L7: =STDEV('Σύνοψη δεδομένα'!AL2:AL6)*1 -> 1.9955016e-05 | N7: =A7 -> 28 | O7: =1400*8/N7 -> 400
A8: ='Σύνοψη δεδομένα'!J7/1 -> 56 | B8: =COUNT('Σύνοψη δεδομένα'!AH7:AH11) -> 5 | C8: =AVERAGE('Σύνοψη δεδομένα'!AI7:AI11)*1 -> 203.99951 | D8: =STDEV('Σύνοψη δεδομένα'!AI7:AI11)*1 -> 0 | E8: =AVERAGE('Σύνοψη δεδομένα'!AJ7:AJ11)*1 -> 199.99952 | F8: =STDEV('Σύνοψη δεδομένα'!AJ7:AJ11)*1 -> 0 | G8: =AVERAGE('Σύνοψη δεδομένα'!AK7:AK11)*1 -> 3.6406465 | H8: =STDEV('Σύνοψη δεδομένα'!AK7:AK11)*1 -> 0.0057820638 | I8: =AVERAGE('Σύνοψη δεδομένα'!AM7:AM11)*100 -> 0 | J8: =STDEV('Σύνοψη δεδομένα'!AM7:AM11)*100 -> 0 | K8: =AVERAGE('Σύνοψη δεδομένα'!AL7:AL11)*1 -> 0.09902232 | L8: =STDEV('Σύνοψη δεδομένα'!AL7:AL11)*1 -> 4.8868425e-05 | N8: =A8 -> 56 | O8: =1400*8/N8 -> 200
A9: ='Σύνοψη δεδομένα'!J12/1 -> 112 | B9: =COUNT('Σύνοψη δεδομένα'!AH12:AH16) -> 5 | C9: =AVERAGE('Σύνοψη δεδομένα'!AI12:AI16)*1 -> 101.99918 | D9: =STDEV('Σύνοψη δεδομένα'!AI12:AI16)*1 -> 0 | E9: =AVERAGE('Σύνοψη δεδομένα'!AJ12:AJ16)*1 -> 99.9992 | F9: =STDEV('Σύνοψη δεδομένα'!AJ12:AJ16)*1 -> 0 | G9: =AVERAGE('Σύνοψη δεδομένα'!AK12:AK16)*1 -> 3.5990649 | H9: =STDEV('Σύνοψη δεδομένα'!AK12:AK16)*1 -> 0.0027323954 | I9: =AVERAGE('Σύνοψη δεδομένα'!AM12:AM16)*100 -> 0 | J9: =STDEV('Σύνοψη δεδομένα'!AM12:AM16)*100 -> 0 | K9: =AVERAGE('Σύνοψη δεδομένα'!AL12:AL16)*1 -> 0.19177954 | L9: =STDEV('Σύνοψη δεδομένα'!AL12:AL16)*1 -> 8.610553e-05 | N9: =A9 -> 112 | O9: =1400*8/N9 -> 100
A10: ='Σύνοψη δεδομένα'!J17/1 -> 224 | B10: =COUNT('Σύνοψη δεδομένα'!AH17:AH21) -> 5 | C10: =AVERAGE('Σύνοψη δεδομένα'!AI17:AI21)*1 -> 50.999021 | D10: =STDEV('Σύνοψη δεδομένα'!AI17:AI21)*1 -> 0 | E10: =AVERAGE('Σύνοψη δεδομένα'!AJ17:AJ21)*1 -> 49.99904 | F10: =STDEV('Σύνοψη δεδομένα'!AJ17:AJ21)*1 -> 0 | G10: =AVERAGE('Σύνοψη δεδομένα'!AK17:AK21)*1 -> 3.317152 | H10: =STDEV('Σύνοψη δεδομένα'!AK17:AK21)*1 -> 0.0015009607 | I10: =AVERAGE('Σύνοψη δεδομένα'!AM17:AM21)*100 -> 0 | J10: =STDEV('Σύνοψη δεδομένα'!AM17:AM21)*100 -> 0 | K10: =AVERAGE('Σύνοψη δεδομένα'!AL17:AL21)*1 -> 0.35334766 | L10: =STDEV('Σύνοψη δεδομένα'!AL17:AL21)*1 -> 0.00041447672 | N10: =A10 -> 224 | O10: =1400*8/N10 -> 50
A11: ='Σύνοψη δεδομένα'!J22/1 -> 560 | B11: =COUNT('Σύνοψη δεδομένα'!AH22:AH26) -> 5 | C11: =AVERAGE('Σύνοψη δεδομένα'!AI22:AI26)*1 -> 20.399837 | D11: =STDEV('Σύνοψη δεδομένα'!AI22:AI26)*1 -> 0 | E11: =AVERAGE('Σύνοψη δεδομένα'!AJ22:AJ26)*1 -> 19.99984 | F11: =STDEV('Σύνοψη δεδομένα'!AJ22:AJ26)*1 -> 0 | G11: =AVERAGE('Σύνοψη δεδομένα'!AK22:AK26)*1 -> 4.0214547 | H11: =STDEV('Σύνοψη δεδομένα'!AK22:AK26)*1 -> 0.75082124 | I11: =AVERAGE('Σύνοψη δεδομένα'!AM22:AM26)*100 -> 0 | J11: =STDEV('Σύνοψη δεδομένα'!AM22:AM26)*100 -> 0 | K11: =AVERAGE('Σύνοψη δεδομένα'!AL22:AL26)*1 -> 0.72241291 | L11: =STDEV('Σύνοψη δεδομένα'!AL22:AL26)*1 -> 0.10849587 | N11: =A11 -> 560 | O11: =1400*8/N11 -> 20
A13: Γραφήματα: μέσος όρος ±1 SD (όχι διάστημα εμπιστοσύνης). Μηδενική SD: η μπάρα δεν διακρίνεται.
A66: Σταθερό payload 1400 bytes: offered load (Mbps) = 1400 × 8 / interval (μs). Μεταβάλλονται μαζί interval και φορτίο.
A67: 1 UE, 1 gNB, UDP uplink, Friis, χωρίς fading/shadowing. Απόσταση 100 m, UE Tx 10 dBm.
A68: Bandwidth 100 MHz, numerology 2, TDD DL|UL|UL|UL|, payload 1400 bytes, RLC UM 1048576 bytes.
A69: Application 1–11 s, drain 2 s. Throughput / goodput = παραληφθέντα bytes ×8 /10 s.
A70: Το IP throughput περιλαμβάνει headers. Το goodput αφορά payload. Delay/jitter: μόνο παραληφθέντα πακέτα.
A71: Απώλειες μετά το drain: ενδέχεται να περιλαμβάνουν πακέτα σε ουρά. Δεν έγινε πρόσθετος έλεγχος μεγαλύτερου drain.
A72: Σταθερά: TdmaRR, HARQ ON / 3 retransmissions / 16 processes, Cosine 0 dBi / 0° / 120° horizontal / 360° vertical.
A73: Στα 28 μs: offered load 400 Mbps, goodput ≈231.064 Mbps, μη παραληφθέντα μετά το drain ≈42.234%.
A74: Στα 56–560 μs: μηδενικά μη παραληφθέντα πακέτα. Στα 560 μs το delay κυμαίνεται 3.199–4.594 ms μεταξύ runs.
A75: Η αιτία της διακύμανσης στα 560 μs δεν έχει ακόμη διερευνηθεί με traces.
A76: Το interval είναι η ονομαστική ρύθμιση της εφαρμογής, όχι μέτρηση πραγματικών χρονικών αποστάσεων από trace.
A77: Συχνότητα 3.5 GHz.

Sheet Σύνοψη δεδομένα
A1: status | B1: experiment_index | C1: experiment_id | D1: n8n_execution_id | E1: data_source | F1: config_path | G1: results_path | H1: experiment_dir | I1: traffic_input_mode | J1: packet_interval_requested_us | K1: packet_interval_us | L1: rlc_mode | M1: scheduler_type | N1: harq_enabled | O1: harq_max_retransmissions | P1: harq_processes | Q1: gnb_antenna_model | R1: gnb_antenna_max_gain_dbi | S1: gnb_antenna_orientation_deg | T1: gnb_antenna_horizontal_beamwidth_deg | U1: gnb_antenna_vertical_beamwidth_deg | V1: gnb_antenna_effective_gain_toward_ue_db | W1: carrier_frequency_hz | X1: ue_distance_2d_m | Y1: ue_distance_3d_m | Z1: ue_tx_power_dbm | AA1: offered_load_mbps | AB1: bandwidth_hz | AC1: numerology | AD1: tdd_pattern | AE1: packet_size_bytes | AF1: rlc_buffer_size_bytes | AG1: rng_seed | AH1: rng_run | AI1: throughput_mbps | AJ1: app_goodput_mbps | AK1: end_to_end_delay_ms | AL1: jitter_ms | AM1: loss_fraction | AN1: tx_packets | AO1: rx_packets | AP1: ip_rx_bytes | AQ1: unreceived_packets_after_drain | AR1: source_csv
A2: success | B2: 1 | C2: packet_interval_28us_run_1 | D2: 201 | E2: ns3 | F2: experiments/execution_201/experiment_1/config.json | G2: experiments/execution_201/experiment_1/results.json | H2: /home/dinos/ns-allinone-3.47/ns-3.47/experiments/execution_201/experiment_1 | I2: packet_interval_us | J2: 28 | K2: 28 | L2: UM | M2: TdmaRR | N2: TRUE | O2: 3 | P2: 16 | Q2: Cosine | R2: 0 | S2: 0 | T2: 120 | U2: 360 | V2: 0 | W2: 3500000000 | X2: 100 | Y2: 100.3606 | Z2: 10 | AA2: 400 | AB2: 100000000 | AC2: 2 | AD2: DL|UL|UL|UL| | AE2: 1400 | AF2: 1048576 | AG2: 42 | AH2: 1 | AI2: 235.68512 | AJ2: 231.06384 | AK2: 37.624666 | AL2: 0.089985334 | AM2: 0.42233901 | AN2: 357142 | AO2: 206307 | AP2: 294606396 | AQ2: 150835 | AR2: experiments/execution_201/batch_dataset.csv
A3: success | B3: 1 | C3: packet_interval_28us_run_2 | D3: 202 | E3: ns3 | F3: experiments/execution_202/experiment_1/config.json | G3: experiments/execution_202/experiment_1/results.json | H3: /home/dinos/ns-allinone-3.47/ns-3.47/experiments/execution_202/experiment_1 | I3: packet_interval_us | J3: 28 | K3: 28 | L3: UM | M3: TdmaRR | N3: TRUE | O3: 3 | P3: 16 | Q3: Cosine | R3: 0 | S3: 0 | T3: 120 | U3: 360 | V3: 0 | W3: 3500000000 | X3: 100 | Y3: 100.3606 | Z3: 10 | AA3: 400 | AB3: 100000000 | AC3: 2 | AD3: DL|UL|UL|UL| | AE3: 1400 | AF3: 1048576 | AG3: 42 | AH3: 2 | AI3: 235.68512 | AJ3: 231.06384 | AK3: 37.62603 | AL3: 0.08999162 | AM3: 0.42233901 | AN3: 357142 | AO3: 206307 | AP3: 294606396 | AQ3: 150835 | AR3: experiments/execution_202/batch_dataset.csv
A4: success | B4: 1 | C4: packet_interval_28us_run_3 | D4: 203 | E4: ns3 | F4: experiments/execution_203/experiment_1/config.json | G4: experiments/execution_203/experiment_1/results.json | H4: /home/dinos/ns-allinone-3.47/ns-3.47/experiments/execution_203/experiment_1 | I4: packet_interval_us | J4: 28 | K4: 28 | L4: UM | M4: TdmaRR | N4: TRUE | O4: 3 | P4: 16 | Q4: Cosine | R4: 0 | S4: 0 | T4: 120 | U4: 360 | V4: 0 | W4: 3500000000 | X4: 100 | Y4: 100.3606 | Z4: 10 | AA4: 400 | AB4: 100000000 | AC4: 2 | AD4: DL|UL|UL|UL| | AE4: 1400 | AF4: 1048576 | AG4: 42 | AH4: 3 | AI4: 235.68512 | AJ4: 231.06384 | AK4: 37.620794 | AL4: 0.089962285 | AM4: 0.42233901 | AN4: 357142 | AO4: 206307 | AP4: 294606396 | AQ4: 150835 | AR4: experiments/execution_203/batch_dataset.csv
A5: success | B5: 1 | C5: packet_interval_28us_run_4 | D5: 204 | E5: ns3 | F5: experiments/execution_204/experiment_1/config.json | G5: experiments/execution_204/experiment_1/results.json | H5: /home/dinos/ns-allinone-3.47/ns-3.47/experiments/execution_204/experiment_1 | I5: packet_interval_us | J5: 28 | K5: 28 | L5: UM | M5: TdmaRR | N5: TRUE | O5: 3 | P5: 16 | Q5: Cosine | R5: 0 | S5: 0 | T5: 120 | U5: 360 | V5: 0 | W5: 3500000000 | X5: 100 | Y5: 100.3606 | Z5: 10 | AA5: 400 | AB5: 100000000 | AC5: 2 | AD5: DL|UL|UL|UL| | AE5: 1400 | AF5: 1048576 | AG5: 42 | AH5: 4 | AI5: 235.68512 | AJ5: 231.06384 | AK5: 37.627585 | AL5: 0.090008517 | AM5: 0.42233901 | AN5: 357142 | AO5: 206307 | AP5: 294606396 | AQ5: 150835 | AR5: experiments/execution_204/batch_dataset.csv
A6: success | B6: 1 | C6: packet_interval_28us_run_5 | D6: 205 | E6: ns3 | F6: experiments/execution_205/experiment_1/config.json | G6: experiments/execution_205/experiment_1/results.json | H6: /home/dinos/ns-allinone-3.47/ns-3.47/experiments/execution_205/experiment_1 | I6: packet_interval_us | J6: 28 | K6: 28 | L6: UM | M6: TdmaRR | N6: TRUE | O6: 3 | P6: 16 | Q6: Cosine | R6: 0 | S6: 0 | T6: 120 | U6: 360 | V6: 0 | W6: 3500000000 | X6: 100 | Y6: 100.3606 | Z6: 10 | AA6: 400 | AB6: 100000000 | AC6: 2 | AD6: DL|UL|UL|UL| | AE6: 1400 | AF6: 1048576 | AG6: 42 | AH6: 5 | AI6: 235.68512 | AJ6: 231.06384 | AK6: 37.620818 | AL6: 0.089962067 | AM6: 0.42233901 | AN6: 357142 | AO6: 206307 | AP6: 294606396 | AQ6: 150835 | AR6: experiments/execution_205/batch_dataset.csv
A7: success | B7: 2 | C7: packet_interval_56us_run_1 | D7: 201 | E7: ns3 | F7: experiments/execution_201/experiment_2/config.json | G7: experiments/execution_201/experiment_2/results.json | H7: /home/dinos/ns-allinone-3.47/ns-3.47/experiments/execution_201/experiment_2 | I7: packet_interval_us | J7: 56 | K7: 56 | L7: UM | M7: TdmaRR | N7: TRUE | O7: 3 | P7: 16 | Q7: Cosine | R7: 0 | S7: 0 | T7: 120 | U7: 360 | V7: 0 | W7: 3500000000 | X7: 100 | Y7: 100.3606 | Z7: 10 | AA7: 200 | AB7: 100000000 | AC7: 2 | AD7: DL|UL|UL|UL| | AE7: 1400 | AF7: 1048576 | AG7: 42 | AH7: 1 | AI7: 203.99951 | AJ7: 199.99952 | AK7: 3.6380527 | AL7: 0.099035902 | AM7: 0 | AN7: 178571 | AO7: 178571 | AP7: 254999388 | AQ7: 0 | AR7: experiments/execution_201/batch_dataset.csv
A8: success | B8: 2 | C8: packet_interval_56us_run_2 | D8: 202 | E8: ns3 | F8: experiments/execution_202/experiment_2/config.json | G8: experiments/execution_202/experiment_2/results.json | H8: /home/dinos/ns-allinone-3.47/ns-3.47/experiments/execution_202/experiment_2 | I8: packet_interval_us | J8: 56 | K8: 56 | L8: UM | M8: TdmaRR | N8: TRUE | O8: 3 | P8: 16 | Q8: Cosine | R8: 0 | S8: 0 | T8: 120 | U8: 360 | V8: 0 | W8: 3500000000 | X8: 100 | Y8: 100.3606 | Z8: 10 | AA8: 200 | AB8: 100000000 | AC8: 2 | AD8: DL|UL|UL|UL| | AE8: 1400 | AF8: 1048576 | AG8: 42 | AH8: 2 | AI8: 203.99951 | AJ8: 199.99952 | AK8: 3.64442 | AL8: 0.099096243 | AM8: 0 | AN8: 178571 | AO8: 178571 | AP8: 254999388 | AQ8: 0 | AR8: experiments/execution_202/batch_dataset.csv
A9: success | B9: 2 | C9: packet_interval_56us_run_3 | D9: 203 | E9: ns3 | F9: experiments/execution_203/experiment_2/config.json | G9: experiments/execution_203/experiment_2/results.json | H9: /home/dinos/ns-allinone-3.47/ns-3.47/experiments/execution_203/experiment_2 | I9: packet_interval_us | J9: 56 | K9: 56 | L9: UM | M9: TdmaRR | N9: TRUE | O9: 3 | P9: 16 | Q9: Cosine | R9: 0 | S9: 0 | T9: 120 | U9: 360 | V9: 0 | W9: 3500000000 | X9: 100 | Y9: 100.3606 | Z9: 10 | AA9: 200 | AB9: 100000000 | AC9: 2 | AD9: DL|UL|UL|UL| | AE9: 1400 | AF9: 1048576 | AG9: 42 | AH9: 3 | AI9: 203.99951 | AJ9: 199.99952 | AK9: 3.6350897 | AL9: 0.09897271 | AM9: 0 | AN9: 178571 | AO9: 178571 | AP9: 254999388 | AQ9: 0 | AR9: experiments/execution_203/batch_dataset.csv
A10: success | B10: 2 | C10: packet_interval_56us_run_4 | D10: 204 | E10: ns3 | F10: experiments/execution_204/experiment_2/config.json | G10: experiments/execution_204/experiment_2/results.json | H10: /home/dinos/ns-allinone-3.47/ns-3.47/experiments/execution_204/experiment_2 | I10: packet_interval_us | J10: 56 | K10: 56 | L10: UM | M10: TdmaRR | N10: TRUE | O10: 3 | P10: 16 | Q10: Cosine | R10: 0 | S10: 0 | T10: 120 | U10: 360 | V10: 0 | W10: 3500000000 | X10: 100 | Y10: 100.3606 | Z10: 10 | AA10: 200 | AB10: 100000000 | AC10: 2 | AD10: DL|UL|UL|UL| | AE10: 1400 | AF10: 1048576 | AG10: 42 | AH10: 4 | AI10: 203.99951 | AJ10: 199.99952 | AK10: 3.6488477 | AL10: 0.0990224 | AM10: 0 | AN10: 178571 | AO10: 178571 | AP10: 254999388 | AQ10: 0 | AR10: experiments/execution_204/batch_dataset.csv
A11: success | B11: 2 | C11: packet_interval_56us_run_5 | D11: 205 | E11: ns3 | F11: experiments/execution_205/experiment_2/config.json | G11: experiments/execution_205/experiment_2/results.json | H11: /home/dinos/ns-allinone-3.47/ns-3.47/experiments/execution_205/experiment_2 | I11: packet_interval_us | J11: 56 | K11: 56 | L11: UM | M11: TdmaRR | N11: TRUE | O11: 3 | P11: 16 | Q11: Cosine | R11: 0 | S11: 0 | T11: 120 | U11: 360 | V11: 0 | W11: 3500000000 | X11: 100 | Y11: 100.3606 | Z11: 10 | AA11: 200 | AB11: 100000000 | AC11: 2 | AD11: DL|UL|UL|UL| | AE11: 1400 | AF11: 1048576 | AG11: 42 | AH11: 5 | AI11: 203.99951 | AJ11: 199.99952 | AK11: 3.6368223 | AL11: 0.098984343 | AM11: 0 | AN11: 178571 | AO11: 178571 | AP11: 254999388 | AQ11: 0 | AR11: experiments/execution_205/batch_dataset.csv
A12: success | B12: 3 | C12: packet_interval_112us_run_1 | D12: 201 | E12: ns3 | F12: experiments/execution_201/experiment_3/config.json | G12: experiments/execution_201/experiment_3/results.json | H12: /home/dinos/ns-allinone-3.47/ns-3.47/experiments/execution_201/experiment_3 | I12: packet_interval_us | J12: 112 | K12: 112 | L12: UM | M12: TdmaRR | N12: TRUE | O12: 3 | P12: 16 | Q12: Cosine | R12: 0 | S12: 0 | T12: 120 | U12: 360 | V12: 0 | W12: 3500000000 | X12: 100 | Y12: 100.3606 | Z12: 10 | AA12: 100 | AB12: 100000000 | AC12: 2 | AD12: DL|UL|UL|UL| | AE12: 1400 | AF12: 1048576 | AG12: 42 | AH12: 1 | AI12: 101.99918 | AJ12: 99.9992 | AK12: 3.5997471 | AL12: 0.19174395 | AM12: 0 | AN12: 89285 | AO12: 89285 | AP12: 127498980 | AQ12: 0 | AR12: experiments/execution_201/batch_dataset.csv
A13: success | B13: 3 | C13: packet_interval_112us_run_2 | D13: 202 | E13: ns3 | F13: experiments/execution_202/experiment_3/config.json | G13: experiments/execution_202/experiment_3/results.json | H13: /home/dinos/ns-allinone-3.47/ns-3.47/experiments/execution_202/experiment_3 | I13: packet_interval_us | J13: 112 | K13: 112 | L13: UM | M13: TdmaRR | N13: TRUE | O13: 3 | P13: 16 | Q13: Cosine | R13: 0 | S13: 0 | T13: 120 | U13: 360 | V13: 0 | W13: 3500000000 | X13: 100 | Y13: 100.3606 | Z13: 10 | AA13: 100 | AB13: 100000000 | AC13: 2 | AD13: DL|UL|UL|UL| | AE13: 1400 | AF13: 1048576 | AG13: 42 | AH13: 2 | AI13: 101.99918 | AJ13: 99.9992 | AK13: 3.5957158 | AL13: 0.19165056 | AM13: 0 | AN13: 89285 | AO13: 89285 | AP13: 127498980 | AQ13: 0 | AR13: experiments/execution_202/batch_dataset.csv
... A26: success | B26: 5 | C26: packet_interval_560us_run_5 | D26: 205 | E26: ns3 | F26: experiments/execution_205/experiment_5/config.json | G26: experiments/execution_205/experiment_5/results.json | H26: /home/dinos/ns-allinone-3.47/ns-3.47/experiments/execution_205/experiment_5 | I26: packet_interval_us | J26: 560 | K26: 560 | L26: UM | M26: TdmaRR | N26: TRUE | O26: 3 | P26: 16 | Q26: Cosine | R26: 0 | S26: 0 | T26: 120 | U26: 360 | V26: 0 | W26: 3500000000 | X26: 100 | Y26: 100.3606 | Z26: 10 | AA26: 20 | AB26: 100000000 | AC26: 2 | AD26: DL|UL|UL|UL| | AE26: 1400 | AF26: 1048576 | AG26: 42 | AH26: 5 | AI26: 20.399837 | AJ26: 19.99984 | AK26: 4.5507887 | AL26: 0.80079243 | AM26: 0 | AN26: 17857 | AO26: 17857 | AP26: 25499796 | AQ26: 0 | AR26: experiments/execution_205/batch_dataset.csv
